2016美国7.0分喜剧片《坏妈妈》BD中英双字,http://www.poxiao.com/movie/41660.html,ftp://b:b@poxiao999.com:21/[破晓电影www.poxiao.com]坏妈妈BD中英双字.rmvb
2016美国7.6分喜剧奇幻片《九条命》HD国英双语中字,http://www.poxiao.com/movie/41659.html,ftp://b:b@poxiao999.com:21/[破晓电影www.poxiao.com]九条命HD国英双语中字.mkv
2016国产6.4分动画片《麦兜・饭宝奇兵》HD国粤双语中字,http://www.poxiao.com/movie/41656.html,ftp://b:b@poxiao999.com:21/[破晓电影www.poxiao.com]麦兜·饭宝奇兵HD国粤双语中字.mkv 
2016国产剧情片《雏鸟的天空》HD国语中英双字,http://www.poxiao.com/movie/41654.html,ftp://b:b@poxiao999.com:21/[破晓电影www.poxiao.com]雏鸟的天空HD国语中英双字.mkv
2016日本7.1分喜剧剧情《花牌情缘下之句》BD日语中字,http://www.poxiao.com/movie/41653.html,ftp://b:b@poxiao999.com:21/[破晓电影www.poxiao.com]花牌情缘下之句BD日语中字.rmvb
2016年6.3分美国动作片《红色警戒999》BD中英双字,http://www.poxiao.com/movie/41651.html,ftp://b:b@poxiao999.com:21/[破晓电影www.poxiao.com]红色警戒999BD中英双字.rmvb
2016年国产奇幻剧《大话西游3》HD国语中英双字,http://www.poxiao.com/movie/41650.html,ftp://b:b@poxiao999.com:21/[破晓电影www.poxiao.com]大话西游3HD国语中英双字.mkv
2016年美国7.5分恐怖片《屏住呼吸/禁室杀戮》HD中字,http://www.poxiao.com/movie/41649.html,ftp://b:b@poxiao999.com:21/[破晓电影www.poxiao.com]屏住呼吸HD中字.mkv
2016国产剧情爱情片《看见我和你》HD国语中字,http://www.poxiao.com/movie/41645.html,ftp://b:b@poxiao999.com:21/[破晓电影www.poxiao.com]看见我和你HD国语中字.mkv
2016日本6.6分剧情片《无伴奏》BD日语中字,http://www.poxiao.com/movie/41643.html,ftp://b:b@poxiao999.com:21/[破晓电影www.poxiao.com]无伴奏BD日语中字.rmvb
 2016美国动作惊悚片《吾父吾血/血色之父》BD中字,http://www.poxiao.com/movie/41642.html,ftp://b:b@poxiao999.com:21/[破晓电影www.poxiao.com]吾父吾血BD中字.rmvb
2016美国6.1分剧情片《上帝未死2》BD中英双字,http://www.poxiao.com/movie/41641.html,ftp://b:b@poxiao999.com:21/[破晓电影www.poxiao.com]上帝未死2BD中英双字.rmvb
2016美国7.9分剧情喜剧片《神奇队长》BD中英双字,http://www.poxiao.com/movie/41640.html,ftp://b:b@poxiao999.com:21/[破晓电影www.poxiao.com]神奇队长BD中英双字.rmvb
 2016国产惊悚恐怖片《夜半哭声》HD国语中字,http://www.poxiao.com/movie/41639.html,ftp://b:b@poxiao999.com:21/[破晓电影www.poxiao.com]夜半哭声HD国语中字.mkv
 2016国产悬疑恐怖片《玩命剧组》HD国语中字,http://www.poxiao.com/movie/41638.html,ftp://b:b@poxiao999.com:21/[破晓电影www.poxiao.com]玩命剧组之主播惊魂HD国语中字.mkv
  2016美国剧情历史片《列侬报道》BD中英双字,http://www.poxiao.com/movie/41637.html,ftp://b:b@poxiao999.com:21/[破晓电影www.poxiao.com]列侬报道BD中英双字.rmvb
2016美国剧情片《偷车/偷车贼》BD中英双字,http://www.poxiao.com/movie/41636.html,ftp://b:b@poxiao999.com:21/[破晓电影www.poxiao.com]偷车BD中英双字.rmvb
2016年日本7.2分喜剧片《殿下，这是利息！》BD日语中字,http://www.poxiao.com/movie/41634.html,ftp://b:b@poxiao999.com:21/[破晓电影www.poxiao.com]殿下这是利息BD日语中字.rmvb
2016日本喜剧动作片《变态假面：变态危机》BD日语中字,http://www.poxiao.com/movie/41633.html,ftp://b:b@poxiao999.com:21/[破晓电影www.poxiao.com]变态假面：变态危机BD日语中字.rmvb
2016年国产爱情片《低碳爱情》HD国语中字,http://www.poxiao.com/movie/41630.html,ftp://b:b@poxiao999.com:21/[破晓电影www.poxiao.com]低碳爱情HD国语中英双字.mkv
2016年爱尔兰7.6分惊悚片《雅多维尔围城战》BD中法双字,http://www.poxiao.com/movie/41629.html,ftp://b:b@poxiao999.com:21/[破晓电影www.poxiao.com]雅多维尔围城战-BD中法双字.mkv
